wave,lumi
344.36,-122.55
344.579,-122.55
344.799,-122.55
345.018,-143.83
345.237,-176.73
345.456,-23.86
345.676,43.86
345.895,57.4
346.114,36.12
346.334,-31.6
346.553,3.22
346.772,39.99
346.991,-25.8
347.21,-64.5
347.43,72.88
347.649,-52.89
347.868,-54.82
348.087,-49.02
348.306,-60.63
348.525,67.08
348.744,-81.91
348.963,-89.65
349.182,39.99
349.401,76.75
349.62,9.03
349.839,24.51
350.058,9.03
350.277,3.22
350.496,119.32
350.715,-54.82
350.934,22.57
351.153,-70.3
351.372,-72.24
351.591,55.47
351.81,53.53
352.029,-66.43
352.247,-16.12
352.466,70.95
352.685,-0.64
352.904,-50.95
353.123,43.86
353.341,-78.04
353.56,-43.21
353.779,-54.82
353.998,39.99
354.216,109.65
354.435,-31.6
354.654,59.34
354.872,-35.47
355.091,-8.38
355.31,-109
355.528,-4.51
355.747,-45.15
355.965,-21.93
356.184,38.05
356.402,-35.47
356.621,51.6
356.839,-12.25
357.058,72.88
357.276,3.22
357.495,-29.67
357.713,-130.29
357.932,-45.15
358.15,28.38
358.369,-87.72
358.587,-23.86
358.805,65.14
359.024,-23.86
359.242,-49.02
359.46,9.03
359.679,-31.6
359.897,-87.72
360.115,45.79
360.334,43.86
360.552,10.96
360.77,34.18
360.988,1.29
361.207,-8.38
361.425,-29.67
361.643,-37.41
361.861,12.9
362.079,-4.51
362.297,53.53
362.516,-39.34
362.734,-23.86
362.952,-37.41
363.17,32.25
363.388,-4.51
363.606,18.7
363.824,53.53
364.042,14.83
364.26,-78.04
364.478,-49.02
364.696,5.16
364.914,34.18
365.132,-39.34
365.35,-27.73
365.568,-45.15
365.786,32.25
366.003,39.99
366.221,-39.34
366.439,20.64
366.657,38.05
366.875,-109
367.093,-97.39
367.31,-31.6
367.528,-14.19
367.746,10.96
367.964,18.7
368.181,-45.15
368.399,-31.6
368.617,-19.99
368.834,9.03
369.052,-52.89
369.27,7.09
369.487,-16.12
369.705,-45.15
369.923,-0.64
370.14,-4.51
370.358,76.75
370.575,-81.91
370.793,-8.38
371.01,10.96
371.228,-114.81
371.445,49.66
371.663,51.6
371.88,-35.47
372.098,-2.58
372.315,-66.43
372.533,-2.58
372.75,39.99
372.967,-64.5
373.185,32.25
373.402,-49.02
373.62,-33.54
373.837,10.96
374.054,63.21
374.271,-27.73
374.489,-18.06
374.706,-87.72
374.923,24.51
375.141,34.18
375.358,9.03
375.575,-68.37
375.792,47.73
376.009,-8.38
376.226,32.25
376.444,-43.21
376.661,30.31
376.878,-66.43
377.095,18.7
377.312,-19.99
377.529,-21.93
377.746,-43.21
377.963,-37.41
378.18,1.29
378.397,43.86
378.614,-16.12
378.831,16.77
379.048,65.14
379.265,65.14
379.482,9.03
379.699,22.57
379.916,-19.99
380.133,-52.89
380.35,12.9
380.566,-62.56
380.783,-74.17
381,-103.2
381.217,14.83
381.434,-56.76
381.651,45.79
381.867,82.56
382.084,9.03
382.301,-31.6
382.518,-110.94
382.734,-0.64
382.951,-25.8
383.168,-27.73
383.384,-12.25
383.601,-2.58
383.818,26.44
384.034,-14.19
384.251,20.64
384.467,32.25
384.684,-41.28
384.9,-49.02
385.117,7.09
385.333,-76.11
385.55,-47.08
385.766,-2.58
385.983,-56.76
386.199,-89.65
386.416,-31.6
386.632,-31.6
386.849,24.51
387.065,-41.28
387.281,-10.32
387.498,-66.43
387.714,7.09
387.931,-12.25
388.147,47.73
388.363,-33.54
388.579,-33.54
388.796,-109
389.012,-2.58
389.228,30.31
389.444,9.03
389.661,82.56
389.877,26.44
390.093,-107.07
390.309,-23.86
390.525,-70.3
390.742,-29.67
390.958,24.51
391.174,-8.38
391.39,22.57
391.606,7.09
391.822,-54.82
392.038,-0.64
392.254,-16.12
392.47,30.31
392.686,57.4
392.902,30.31
393.118,-23.86
393.334,-105.13
393.55,80.62
393.766,-10.32
393.982,69.01
394.198,34.18
394.414,5.16
394.629,32.25
394.845,-72.24
395.061,14.83
395.277,1.29
395.493,-103.2
395.708,65.14
395.924,20.64
396.14,-12.25
396.356,-4.51
396.571,59.34
396.787,-33.54
397.003,5.16
397.219,5.16
397.434,-14.19
397.65,-10.32
397.865,-49.02
398.081,-72.24
398.297,-14.19
398.512,-47.08
398.728,78.69
398.943,5.16
399.159,-18.06
399.374,-112.87
399.59,10.96
399.805,-47.08
400.021,-110.94
400.236,-33.54
400.452,55.47
400.667,32.25
400.883,41.92
401.098,-64.5
401.314,-18.06
401.529,3.22
401.744,80.62
401.96,-10.32
402.175,9.03
402.39,-18.06
402.606,12.9
402.821,-37.41
403.036,47.73
403.251,-8.38
403.467,-21.93
403.682,-60.63
403.897,7.09
404.112,-23.86
404.327,-89.65
404.542,-85.78
404.758,10.96
404.973,72.88
405.188,-27.73
405.403,16.77
405.618,3.22
405.833,-60.63
406.048,86.43
406.263,36.12
406.478,-58.69
406.693,12.9
406.908,53.53
407.123,-35.47
407.338,28.38
407.553,-41.28
407.768,-29.67
407.983,-101.26
408.198,-10.32
408.413,-56.76
408.628,43.86
408.842,26.44
409.057,-0.64
409.272,43.86
409.487,16.77
409.702,36.12
409.916,-29.67
410.131,53.53
410.346,-56.76
410.561,-70.3
410.775,-2.58
410.99,57.4
411.205,14.83
411.419,-29.67
411.634,-62.56
411.849,-79.98
412.063,-56.76
412.278,45.79
412.493,-39.34
412.707,-39.34
412.922,-41.28
413.136,-83.85
413.351,-23.86
413.565,-81.91
413.78,-0.64
413.994,28.38
414.209,61.27
414.423,53.53
414.638,63.21
414.852,-19.99
415.066,-33.54
415.281,-58.69
415.495,-31.6
415.71,-58.69
415.924,43.86
416.138,-122.55
416.353,-76.11
416.567,-23.86
416.781,-14.19
416.995,-72.24
417.21,-62.56
417.424,-62.56
417.638,-62.56
417.852,-81.91
418.066,-10.32
418.281,-35.47
418.495,26.44
418.709,-139.96
418.923,-68.37
419.137,-2.58
419.351,1.29
419.565,-52.89
419.779,38.05
419.993,-54.82
420.208,39.99
420.422,65.14
420.636,41.92
420.85,-50.95
421.064,-23.86
421.277,177.37
421.491,20.64
421.705,1.29
421.919,28.38
422.133,-58.69
422.347,-54.82
422.561,39.99
422.775,-23.86
422.989,-6.45
423.202,-18.06
423.416,-93.52
423.63,-0.64
423.844,-4.51
424.058,-66.43
424.271,-33.54
424.485,45.79
424.699,18.7
424.912,5.16
425.126,-14.19
425.34,-29.67
425.553,7.09
425.767,47.73
425.981,-76.11
426.194,34.18
426.408,-43.21
426.621,61.27
426.835,3.22
427.049,-66.43
427.262,-45.15
427.476,-45.15
427.689,-27.73
427.903,-29.67
428.116,-103.2
428.33,-89.65
428.543,3.22
428.756,-45.15
428.97,-0.64
429.183,-107.07
429.397,-25.8
429.61,43.86
429.823,-19.99
430.037,-16.12
430.25,-39.34
430.463,-10.32
430.676,-33.54
430.89,9.03
431.103,-101.26
431.316,34.18
431.529,-2.58
431.743,-25.8
431.956,34.18
432.169,-16.12
432.382,-25.8
432.595,-49.02
432.808,-14.19
433.022,20.64
433.235,-47.08
433.448,1.29
433.661,-45.15
433.874,69.01
434.087,-68.37
434.3,61.27
434.513,-62.56
434.726,-31.6
434.939,7.09
435.152,18.7
435.365,14.83
435.578,-19.99
435.791,-0.64
436.003,-27.73
436.216,86.43
436.429,-47.08
436.642,20.64
436.855,22.57
437.068,12.9
437.281,-19.99
437.493,34.18
437.706,-10.32
437.919,30.31
438.132,36.12
438.344,47.73
438.557,12.9
438.77,-72.24
438.982,-19.99
439.195,12.9
439.408,10.96
439.62,-10.32
439.833,-52.89
440.046,-49.02
440.258,47.73
440.471,-29.67
440.683,39.99
440.896,-54.82
441.108,-25.8
441.321,-50.95
441.533,-12.25
441.746,-8.38
441.958,-81.91
442.171,39.99
442.383,-72.24
442.596,-68.37
442.808,57.4
443.02,-122.55
443.233,-54.82
443.445,-64.5
443.657,-8.38
443.87,-56.76
444.082,-105.13
444.294,-35.47
444.507,9.03
444.719,88.36
444.931,-37.41
445.143,5.16
445.356,-21.93
445.568,18.7
445.78,-52.89
445.992,7.09
446.204,9.03
446.416,-78.04
446.629,-56.76
446.841,-23.86
447.053,38.05
447.265,38.05
447.477,-62.56
447.689,-29.67
447.901,3.22
448.113,3.22
448.325,-12.25
448.537,-70.3
448.749,-4.51
448.961,-14.19
449.173,16.77
449.385,20.64
449.597,-23.86
449.809,-83.85
450.02,-16.12
450.232,53.53
450.444,9.03
450.656,-27.73
450.868,69.01
451.08,-58.69
451.291,61.27
451.503,-4.51
451.715,12.9
451.927,53.53
452.138,-10.32
452.35,-35.47
452.562,16.77
452.773,32.25
452.985,22.57
453.197,9.03
453.408,-25.8
453.62,45.79
453.832,-105.13
454.043,-58.69
454.255,49.66
454.466,12.9
454.678,-31.6
454.889,-2.58
455.101,-33.54
455.312,-6.45
455.524,5.16
455.735,-23.86
455.947,117.39
456.158,-60.63
456.37,34.18
456.581,-56.76
456.792,-12.25
457.004,80.62
457.215,34.18
457.426,47.73
457.638,-29.67
457.849,-56.76
458.06,32.25
458.272,-72.24
458.483,14.83
458.694,-4.51
458.905,24.51
459.116,-12.25
459.328,-52.89
459.539,41.92
459.75,-64.5
459.961,26.44
460.172,90.3
460.383,30.31
460.595,-18.06
460.806,63.21
461.017,-37.41
461.228,55.47
461.439,-23.86
461.65,5.16
461.861,-50.95
462.072,-8.38
462.283,-31.6
462.494,26.44
462.705,-56.76
462.916,-45.15
463.127,99.97
463.337,53.53
463.548,117.39
463.759,39.99
463.97,-8.38
464.181,-0.64
464.392,26.44
464.602,-0.64
464.813,-89.65
465.024,38.05
465.235,-12.25
465.446,-14.19
465.656,49.66
465.867,-45.15
466.078,-50.95
466.288,78.69
466.499,-47.08
466.71,-49.02
466.92,-23.86
467.131,-25.8
467.342,45.79
467.552,72.88
467.763,-68.37
467.973,14.83
468.184,-18.06
468.394,-4.51
468.605,67.08
468.815,-43.21
469.026,-31.6
469.236,74.82
469.447,70.95
469.657,-76.11
469.868,32.25
470.078,22.57
470.288,-29.67
470.499,-54.82
470.709,7.09
470.919,-62.56
471.13,34.18
471.34,34.18
471.55,34.18
471.761,7.09
471.971,-23.86
472.181,-130.29
472.391,-29.67
472.602,-25.8
472.812,72.88
473.022,22.57
473.232,-70.3
473.442,-27.73
473.652,1.29
473.863,-79.98
474.073,53.53
474.283,-66.43
474.493,9.03
474.703,-35.47
474.913,-72.24
475.123,41.92
475.333,82.56
475.543,-74.17
475.753,-60.63
475.963,-107.07
476.173,47.73
476.383,-29.67
476.593,-52.89
476.803,30.31
477.013,-66.43
477.222,76.75
477.432,53.53
477.642,-43.21
477.852,14.83
478.062,-33.54
478.272,-43.21
478.481,61.27
478.691,16.77
478.901,-78.04
479.111,47.73
479.32,24.51
479.53,-19.99
479.74,-23.86
479.949,-19.99
480.159,-97.39
480.369,-0.64
480.578,1.29
480.788,-23.86
480.998,-25.8
481.207,-64.5
481.417,-89.65
481.626,69.01
481.836,18.7
482.045,36.12
482.255,-49.02
482.464,67.08
482.674,-0.64
482.883,43.86
483.093,-10.32
483.302,9.03
483.511,-6.45
483.721,150.28
483.93,-49.02
484.14,55.47
484.349,-50.95
484.558,-62.56
484.768,-33.54
484.977,28.38
485.186,-8.38
485.395,1.29
485.605,-8.38
485.814,-91.59
486.023,1.29
486.232,53.53
486.442,-4.51
486.651,-105.13
486.86,30.31
487.069,3.22
487.278,30.31
487.487,51.6
487.696,12.9
487.905,18.7
488.114,101.91
488.324,10.96
488.533,-21.93
488.742,-10.32
488.951,5.16
489.16,-62.56
489.369,-14.19
489.577,49.66
489.786,-25.8
489.995,55.47
490.204,14.83
490.413,57.4
490.622,5.16
490.831,5.16
491.04,-47.08
491.249,-31.6
491.457,-10.32
491.666,12.9
491.875,-29.67
492.084,30.31
492.292,-19.99
492.501,-21.93
492.71,-6.45
492.919,57.4
493.127,84.49
493.336,16.77
493.545,-66.43
493.753,80.62
493.962,-60.63
494.171,-19.99
494.379,14.83
494.588,-10.32
494.796,9.03
495.005,-27.73
495.213,-6.45
495.422,-23.86
495.63,-21.93
495.839,-23.86
496.047,51.6
496.256,69.01
496.464,-4.51
496.673,-0.64
496.881,-4.51
497.089,43.86
497.298,-19.99
497.506,-25.8
497.715,34.18
497.923,-149.64
498.131,5.16
498.34,47.73
498.548,5.16
498.756,36.12
498.964,-21.93
499.173,-29.67
499.381,45.79
499.589,109.65
499.797,-68.37
500.005,34.18
500.213,38.05
500.422,111.58
500.63,76.75
500.838,-43.21
501.046,39.99
501.254,-23.86
501.462,-122.55
501.67,72.88
501.878,1.29
502.086,-27.73
502.294,65.14
502.502,80.62
502.71,-103.2
502.918,7.09
503.126,12.9
503.334,59.34
503.542,-95.46
503.75,-52.89
503.958,14.83
504.166,36.12
504.373,-56.76
504.581,16.77
504.789,-35.47
504.997,53.53
505.205,101.91
505.412,39.99
505.62,38.05
505.828,5.16
506.036,7.09
506.243,69.01
506.451,-58.69
506.659,-8.38
506.866,-2.58
507.074,123.19
507.282,-12.25
507.489,1.29
507.697,119.32
507.904,-41.28
508.112,45.79
508.319,94.17
508.527,45.79
508.735,43.86
508.942,-68.37
509.15,-66.43
509.357,41.92
509.564,38.05
509.772,-18.06
509.979,-8.38
510.187,-2.58
510.394,1.29
510.601,10.96
510.809,5.16
511.016,41.92
511.224,-18.06
511.431,-47.08
511.638,-21.93
511.845,-45.15
512.053,1.29
512.26,1.29
512.467,57.4
512.674,-12.25
512.882,14.83
513.089,-62.56
513.296,38.05
513.503,28.38
513.71,132.87
513.917,-35.47
514.124,57.4
514.332,127.06
514.539,16.77
514.746,38.05
514.953,-6.45
515.16,78.69
515.367,28.38
515.574,61.27
515.781,-58.69
515.988,45.79
516.195,7.09
516.402,32.25
516.609,34.18
516.815,-41.28
517.022,84.49
517.229,-54.82
517.436,26.44
517.643,47.73
517.85,-21.93
518.057,22.57
518.263,-12.25
518.47,-37.41
518.677,10.96
518.884,22.57
519.09,-16.12
519.297,-21.93
519.504,-23.86
519.711,-2.58
519.917,22.57
520.124,-12.25
520.33,30.31
520.537,-0.64
520.744,-33.54
520.95,-8.38
521.157,86.43
521.363,45.79
521.57,-27.73
521.777,-29.67
521.983,41.92
522.19,34.18
522.396,34.18
522.602,16.77
522.809,-31.6
523.015,20.64
523.222,-29.67
523.428,-21.93
523.635,-105.13
523.841,-8.38
524.047,12.9
524.254,30.31
524.46,72.88
524.666,-6.45
524.873,-16.12
525.079,-2.58
525.285,72.88
525.491,28.38
525.698,26.44
525.904,-39.34
526.11,-76.11
526.316,-56.76
526.522,-14.19
526.729,12.9
526.935,45.79
527.141,-16.12
527.347,-122.55
527.553,72.88
527.759,-41.28
527.965,57.4
528.171,-12.25
528.377,3.22
528.583,-21.93
528.789,55.47
528.995,47.73
529.201,16.77
529.407,-10.32
529.613,10.96
529.819,53.53
530.025,76.75
530.231,-19.99
530.437,94.17
530.642,70.95
530.848,-27.73
531.054,3.22
531.26,24.51
531.466,-54.82
531.671,-27.73
531.877,47.73
532.083,-14.19
532.289,53.53
532.494,-54.82
532.7,5.16
532.906,-89.65
533.111,45.79
533.317,30.31
533.523,-54.82
533.728,-79.98
533.934,78.69
534.14,30.31
534.345,57.4
534.551,30.31
534.756,28.38
534.962,127.06
535.167,18.7
535.373,-79.98
535.578,-0.64
535.784,12.9
535.989,-60.63
536.195,-87.72
536.4,43.86
536.605,18.7
536.811,-6.45
537.016,26.44
537.221,55.47
537.427,39.99
537.632,67.08
537.837,7.09
538.043,16.77
538.248,22.57
538.453,18.7
538.658,36.12
538.864,-4.51
539.069,57.4
539.274,61.27
539.479,59.34
539.684,1.29
539.89,20.64
540.095,86.43
540.3,-50.95
540.505,63.21
540.71,99.97
540.915,82.56
541.12,7.09
541.325,39.99
541.53,80.62
541.735,84.49
541.94,74.82
542.145,-12.25
542.35,34.18
542.555,59.34
542.76,-109
542.965,-21.93
543.17,117.39
543.375,-29.67
543.58,51.6
543.784,-16.12
543.989,-12.25
544.194,-47.08
544.399,45.79
544.604,39.99
544.808,45.79
545.013,32.25
545.218,134.8
545.423,41.92
545.627,26.44
545.832,88.36
546.037,-12.25
546.241,36.12
546.446,-21.93
546.651,51.6
546.855,1.29
547.06,51.6
547.264,55.47
547.469,38.05
547.673,9.03
547.878,18.7
548.082,1.29
548.287,-12.25
548.491,-8.38
548.696,45.79
548.9,36.12
549.105,61.27
549.309,59.34
549.514,65.14
549.718,61.27
549.922,-21.93
550.127,-23.86
550.331,98.04
550.535,-18.06
550.74,41.92
550.944,7.09
551.148,34.18
551.353,109.65
551.557,70.95
551.761,70.95
551.965,26.44
552.169,1.29
552.374,-8.38
552.578,-27.73
552.782,107.71
552.986,86.43
553.19,119.32
553.394,18.7
553.598,12.9
553.802,-8.38
554.007,-4.51
554.211,82.56
554.415,39.99
554.619,-52.89
554.823,-0.64
555.027,70.95
555.231,78.69
555.434,45.79
555.638,65.14
555.842,-8.38
556.046,18.7
556.25,76.75
556.454,84.49
556.658,105.78
556.862,41.92
557.065,74.82
557.269,26.44
557.473,-4.51
557.677,36.12
557.881,101.91
558.084,24.51
558.288,47.73
558.492,121.26
558.695,98.04
558.899,65.14
559.103,38.05
559.306,14.83
559.51,51.6
559.714,175.44
559.917,12.9
560.121,84.49
560.324,65.14
560.528,125.13
560.732,55.47
560.935,90.3
561.139,111.58
561.342,70.95
561.546,92.23
561.749,80.62
561.952,74.82
562.156,98.04
562.359,69.01
562.563,138.67
562.766,101.91
562.969,39.99
563.173,63.21
563.376,45.79
563.579,138.67
563.783,115.45
563.986,103.84
564.189,154.15
564.392,61.27
564.596,138.67
564.799,127.06
565.002,55.47
565.205,119.32
565.408,150.28
565.612,107.71
565.815,152.22
566.018,138.67
566.221,152.22
566.424,55.47
566.627,239.29
566.83,94.17
567.033,185.11
567.236,70.95
567.439,80.62
567.642,134.8
567.845,127.06
568.048,173.5
568.251,103.84
568.454,194.79
568.657,167.7
568.86,82.56
569.063,148.35
569.266,163.83
569.469,274.12
569.671,194.79
569.874,136.74
570.077,103.84
570.28,181.24
570.483,125.13
570.685,138.67
570.888,109.65
571.091,152.22
571.294,179.31
571.496,188.98
571.699,243.16
571.902,192.85
572.104,287.66
572.307,146.41
572.509,206.4
572.712,345.71
572.915,270.25
573.117,219.94
573.32,212.2
573.522,283.79
573.725,233.48
573.927,266.38
574.13,299.27
574.332,334.1
574.535,206.4
574.737,247.03
574.94,318.62
575.142,287.66
575.344,223.81
575.547,272.18
575.749,328.3
575.952,332.17
576.154,367
576.356,359.26
576.558,432.78
576.761,380.54
576.963,332.17
577.165,388.28
577.368,353.45
577.57,421.18
577.772,405.7
577.974,316.69
578.176,417.31
578.378,508.25
578.581,423.11
578.783,469.55
578.985,452.13
579.187,525.66
579.389,515.99
579.591,457.94
579.793,446.33
579.995,523.73
580.197,502.44
580.399,539.21
580.601,556.62
580.803,608.87
581.005,477.29
581.207,541.14
581.409,628.22
581.611,537.27
581.813,651.43
582.015,628.22
582.216,680.46
582.418,479.22
582.62,620.48
582.822,645.63
583.024,711.42
583.225,680.46
583.427,715.29
583.629,657.24
583.831,755.92
584.032,788.82
584.234,711.42
584.436,949.42
584.637,769.47
584.839,864.28
585.041,703.68
585.242,920.39
585.444,926.2
585.646,941.68
585.847,906.85
586.049,947.48
586.25,854.61
586.452,1104.21
586.653,953.29
586.855,1071.32
587.056,1088.73
587.258,1092.6
587.459,1104.21
587.66,1202.9
587.862,1026.82
588.063,1111.95
588.265,1206.77
588.466,1247.4
588.667,1282.23
588.869,1243.53
589.07,1200.96
589.271,1291.91
589.473,1353.82
589.674,1487.34
589.875,1336.41
590.076,1539.58
590.278,1620.85
590.479,1628.59
590.68,1628.59
590.881,1688.57
591.082,1547.32
591.283,1630.52
591.485,1707.92
591.686,1793.06
591.887,1783.38
592.088,1876.26
592.289,1905.29
592.49,1909.16
592.691,1882.07
592.892,2044.6
593.093,2125.87
593.294,2089.11
593.495,2149.09
593.696,2220.68
593.897,2259.38
594.098,2419.98
594.299,2360
594.499,2481.9
594.7,2360
594.901,2588.33
595.102,2570.91
595.303,2576.72
595.504,2748.93
595.704,2774.08
595.905,2818.58
596.106,2886.31
596.307,2882.44
596.507,2959.84
596.708,3035.3
596.909,3068.19
597.109,3087.54
597.31,3248.14
597.511,3263.62
597.711,3555.8
597.912,3298.45
598.113,3613.85
598.313,3604.18
598.514,3720.27
598.714,3766.71
598.915,3907.96
599.115,3915.7
599.316,4095.66
599.516,4072.44
599.717,4130.48
599.917,4248.52
600.118,4186.6
600.318,4314.31
600.519,4414.92
600.719,4525.22
600.919,4627.77
601.12,4693.56
601.32,4904.47
601.52,4877.38
601.721,5101.83
601.921,5041.85
602.121,5264.37
602.321,5287.59
602.522,5339.83
602.722,5684.25
602.922,5612.66
603.122,5951.28
603.323,5881.62
603.523,5827.44
603.723,6216.37
603.923,6241.52
604.123,6229.91
604.323,6442.76
604.523,6589.81
604.723,6767.83
604.923,6789.11
605.123,6903.28
605.324,6866.51
605.524,7249.63
605.723,7195.45
605.923,7464.41
606.123,7568.9
606.323,7503.11
606.523,7822.38
606.723,7946.22
606.923,8205.5
607.123,8327.4
607.323,8147.45
607.523,8441.56
607.723,8499.61
607.922,8594.43
608.122,8873.06
608.322,8994.96
608.522,9192.33
608.721,9132.34
608.921,9401.3
609.121,9412.91
609.321,9674.13
609.52,9892.78
609.72,10045.64
609.92,10155.94
610.119,10208.18
610.319,10308.8
610.518,10479.07
610.718,10645.48
610.918,10885.41
611.117,11075.04
611.317,11214.36
611.516,11028.6
611.716,11599.41
611.915,11525.88
612.115,11798.71
612.314,12038.65
612.514,11845.15
612.713,12342.43
612.913,12410.16
613.112,12400.48
613.311,12524.32
613.511,12555.28
613.71,12868.74
613.909,13128.03
614.109,13122.22
614.308,13269.28
614.507,13694.97
614.707,13642.72
614.906,13795.59
615.105,13731.73
615.304,13871.05
615.503,14045.2
615.703,14381.88
615.902,14327.7
616.101,14735.97
616.3,14592.79
616.499,14784.35
616.698,14832.72
616.897,14975.91
617.097,15157.79
617.296,15291.31
617.495,15579.61
617.694,15627.99
617.893,15672.49
618.092,15806
618.291,15995.63
618.49,15982.09
618.689,16249.11
618.888,16446.47
619.086,16527.74
619.285,16692.21
619.484,16678.67
619.683,16936.02
619.882,17023.09
620.081,16908.93
620.28,16978.59
620.478,17266.9
620.677,17382.99
620.876,17636.47
621.075,17624.86
621.274,17562.94
621.472,17769.98
621.671,17773.85
621.87,17860.93
622.068,18156.98
622.267,18095.06
622.466,18145.37
622.664,18623.3
622.863,18704.57
623.061,18683.28
623.26,18536.23
623.459,18631.04
623.657,18663.93
623.856,18890.32
624.054,18737.46
624.253,18872.91
624.451,18930.96
624.65,19234.75
624.848,19041.25
625.047,19170.89
625.245,19432.11
625.443,19329.56
625.642,19228.94
625.84,19588.84
626.039,19480.48
626.237,19629.48
626.435,19470.81
626.634,19536.6
626.832,19693.33
627.03,19716.55
627.228,19627.54
627.427,19583.04
627.625,19693.33
627.823,20031.95
628.021,19753.31
628.219,19882.96
628.418,19871.35
628.616,19672.05
628.814,19627.54
629.012,19902.3
629.21,19596.58
629.408,19919.72
629.606,19675.92
629.804,19983.57
630.002,19822.97
630.2,19720.42
630.398,19621.74
630.596,19751.38
630.794,19759.12
630.992,19793.95
631.19,19805.56
631.388,19492.09
631.586,19383.74
631.784,19697.2
631.982,19586.91
632.18,19314.08
632.378,19424.37
632.575,19730.09
632.773,19395.35
632.971,19490.16
633.169,19060.6
633.367,19501.77
633.564,19364.39
633.762,19310.21
633.96,19147.67
634.157,19246.36
634.355,18925.15
634.553,18903.87
634.75,18950.31
634.948,18865.17
635.146,18905.8
635.343,18861.3
635.541,18836.14
635.738,18785.84
635.936,18658.13
636.134,18333.06
636.331,18718.11
636.529,18371.76
636.726,18590.41
636.924,17949.94
637.121,18275.01
637.318,18236.31
637.516,18042.81
637.713,17754.5
637.911,17928.65
638.108,17762.24
638.305,17723.55
638.503,17321.07
638.7,17735.16
638.897,17284.31
639.095,17394.6
639.292,17143.06
639.489,17479.74
639.687,17168.21
639.884,16914.73
640.081,16897.32
640.278,17034.7
640.475,16901.19
640.673,16547.09
640.87,16560.64
641.067,16523.87
641.264,16222.02
641.461,16463.89
641.658,16311.03
641.855,16204.61
642.052,16009.17
642.249,15974.35
642.446,15869.86
642.643,15856.31
642.84,15566.07
643.037,15411.27
643.234,15366.77
643.431,15179.08
643.628,15388.05
643.825,15130.71
644.022,15130.71
644.219,15109.42
644.416,14805.63
644.613,14523.13
644.809,14747.58
645.006,14770.8
645.203,14356.72
645.4,14403.16
645.597,14292.87
645.793,14095.5
645.99,14002.63
646.187,14016.17
646.383,13915.55
646.58,13994.89
646.777,13594.35
646.974,13725.93
647.17,13277.02
647.367,13273.15
647.563,13455.03
647.76,13217.03
647.957,13116.42
648.153,13073.85
648.35,13029.34
648.546,12876.48
648.743,12713.95
648.939,12454.66
649.136,12274.71
649.332,12555.28
649.529,12369.52
649.725,11959.31
649.921,11976.73
650.118,12131.52
650.314,11821.93
650.511,11709.7
650.707,11481.38
650.903,11607.15
651.1,11510.4
651.296,11301.43
651.492,11191.14
651.688,11293.69
651.885,10926.05
652.081,10908.63
652.277,10951.2
652.473,10688.05
652.67,10900.89
652.866,10577.76
653.062,10635.8
653.258,10602.91
653.454,10533.25
653.65,10233.33
653.846,10020.49
654.042,9987.59
654.238,10014.68
654.434,9914.07
654.631,9867.63
654.827,9861.82
655.023,9741.85
655.218,9662.52
655.414,9244.57
655.61,9534.81
655.806,9225.22
656.002,9300.68
656.198,9064.62
656.394,9296.82
656.59,9120.73
656.786,9031.73
656.982,8874.99
657.177,8768.57
657.373,8733.74
657.569,8693.11
657.765,8505.42
657.961,8488
658.156,8389.32
658.352,8337.08
658.548,8207.44
658.743,8219.04
658.939,8197.76
659.135,7952.02
659.33,8017.81
659.526,8050.7
659.722,7708.22
659.917,7824.31
660.113,7655.97
660.308,7673.39
660.504,7325.1
660.699,7503.11
660.895,7433.45
661.09,7232.22
661.286,7284.46
661.481,7090.97
661.677,7005.83
661.872,7029.05
662.068,6986.48
662.263,6822.01
662.458,6860.71
662.654,6845.23
662.849,6667.21
663.044,6607.23
663.24,6398.25
663.435,6398.25
663.63,6405.99
663.826,6506.61
664.021,6402.12
664.216,6251.2
664.411,6305.37
664.606,6193.15
664.802,6278.28
664.997,6059.63
665.192,6019
665.387,5926.12
665.582,5912.58
665.777,5850.66
665.972,5781
666.168,5639.75
666.363,5504.3
666.558,5502.37
666.753,5386.27
666.948,5421.1
667.143,5399.82
667.338,5312.74
667.533,5343.7
667.728,5080.55
667.922,5361.12
668.117,4958.65
668.312,5063.13
668.507,4958.65
668.702,5074.74
668.897,5012.82
669.092,4753.54
669.287,4914.14
669.481,4861.9
669.676,4815.46
669.871,4695.49
670.066,4697.43
670.26,4774.82
670.455,4643.25
670.65,4515.54
670.844,4548.43
671.039,4542.63
671.234,4380.09
671.428,4380.09
671.623,4366.55
671.818,4285.28
672.012,4190.47
672.207,4151.77
672.401,4283.35
672.596,4085.98
672.79,4169.18
672.985,3967.95
673.179,3956.34
673.374,3809.28
673.568,3985.36
673.763,3948.6
673.957,3735.75
674.152,3985.36
674.346,3811.22
674.54,3687.38
674.735,3706.73
674.929,3778.32
675.123,3714.47
675.318,3557.74
675.512,3491.95
675.706,3536.45
675.901,3462.92
676.095,3497.75
676.289,3406.81
676.483,3126.24
676.678,3393.27
676.872,3306.19
677.066,3377.79
677.26,3153.33
677.454,3161.07
677.648,3197.84
677.842,3296.52
678.036,3170.75
678.231,3081.74
678.425,3294.58
678.619,3118.5
678.813,3168.81
679.007,2961.77
679.201,2994.67
679.395,2942.42
679.589,2808.91
679.783,2884.37
679.976,2930.81
680.17,2828.26
680.364,2797.3
680.558,2812.78
680.752,2810.85
680.946,2710.23
681.14,2683.14
681.333,2663.79
681.527,2675.4
681.721,2545.76
681.915,2623.15
682.109,2632.83
682.302,2735.38
682.496,2675.4
682.69,2561.24
682.883,2592.2
683.077,2421.92
683.271,2443.2
683.464,2419.98
683.658,2421.92
683.852,2429.66
684.045,2290.34
684.239,2276.8
684.432,2338.72
684.626,2263.25
684.819,2224.55
685.013,2158.77
685.206,2298.08
685.4,2085.24
685.593,2172.31
685.787,2207.14
685.98,2112.33
686.173,2286.47
686.367,2129.74
686.56,2176.18
686.754,2003.97
686.947,2100.72
687.14,2067.82
687.334,2089.11
687.527,1988.49
687.72,1926.57
687.913,2002.03
688.107,1887.87
688.3,1872.39
688.493,1891.74
688.686,1961.4
688.879,1959.46
689.073,1973.01
689.266,1829.82
689.459,1889.81
689.652,1909.16
689.845,1787.25
690.038,1736.94
690.231,1719.53
690.424,1822.08
690.617,1568.6
690.81,1636.33
691.003,1773.71
691.196,1702.12
691.389,1676.96
691.582,1630.52
691.775,1595.69
691.968,1589.89
692.161,1609.24
692.354,1638.26
692.547,1669.22
692.74,1497.01
692.932,1433.16
693.125,1497.01
693.318,1464.12
693.511,1514.42
693.704,1506.69
693.896,1408
694.089,1526.03
694.282,1485.4
694.475,1417.68
694.667,1479.6
694.86,1373.17
695.053,1493.14
695.245,1408
695.438,1346.08
695.63,1349.95
695.823,1317.06
696.016,1373.17
696.208,1334.47
696.401,1338.34
696.593,1286.1
696.786,1272.56
696.978,1471.86
697.171,1200.96
697.363,1349.95
697.556,1191.29
697.748,1247.4
697.941,1280.3
698.133,1303.51
698.325,1286.1
698.518,1090.67
698.71,1164.2
698.902,1065.52
699.095,1185.48
699.287,1164.2
699.479,1187.42
699.672,1162.26
699.864,1053.91
700.056,1102.28
700.248,1108.08
700.44,1096.47
700.633,1187.42
700.825,1121.63
701.017,1189.35
701.209,1117.76
701.401,1119.69
701.593,1019.08
701.785,1094.54
701.977,1019.08
702.17,1142.91
702.362,999.73
702.554,972.64
702.746,953.29
702.938,1081
703.13,961.03
703.322,1055.84
703.513,995.86
703.705,908.78
703.897,1011.34
704.089,935.87
704.281,933.94
704.473,879.76
704.665,891.37
704.857,1003.6
705.048,970.7
705.24,817.84
705.432,957.16
705.624,850.74
705.816,988.12
706.007,902.98
706.199,902.98
706.391,817.84
706.582,928.13
706.774,895.24
706.966,868.15
707.157,806.23
707.349,914.59
707.54,866.21
707.732,763.66
707.924,757.86
708.115,862.35
708.307,796.56
708.498,823.65
708.69,864.28
708.881,753.99
709.073,817.84
709.264,808.17
709.456,721.09
709.647,701.74
709.838,798.49
710.03,694
710.221,825.58
710.413,796.56
710.604,786.88
710.795,773.34
710.987,779.14
711.178,666.91
711.369,707.55
711.56,759.79
711.752,668.85
711.943,790.75
712.134,738.51
712.325,783.01
712.516,664.98
712.708,651.43
712.899,715.29
713.09,806.23
713.281,668.85
713.472,707.55
713.663,742.38
713.854,678.52
714.045,680.46
714.236,620.48
714.427,732.7
714.618,676.59
714.809,732.7
715,610.8
715.191,641.76
715.382,496.64
715.573,581.78
715.764,597.26
715.955,587.58
716.146,533.4
716.336,610.8
716.527,664.98
716.718,653.37
716.909,634.02
717.1,610.8
717.29,645.63
717.481,548.88
717.672,608.87
717.863,583.71
718.053,483.09
718.244,628.22
718.435,537.27
718.625,531.47
718.816,659.17
719.007,527.6
719.197,618.54
719.388,457.94
719.578,550.82
719.769,560.49
719.959,521.79
720.15,514.05
720.341,514.05
720.531,498.57
720.721,647.57
720.912,512.12
721.102,523.73
721.293,539.21
721.483,469.55
721.674,624.35
721.864,610.8
722.054,469.55
722.245,535.34
722.435,450.2
722.625,438.59
722.816,444.39
723.006,531.47
723.196,394.09
723.386,440.52
723.577,415.37
723.767,423.11
723.957,403.76
724.147,463.74
724.337,463.74
724.528,608.87
724.718,492.77
724.908,490.83
725.098,471.48
725.288,367
725.478,485.03
725.668,396.02
725.858,454.07
726.048,401.83
726.238,446.33
726.428,450.2
726.618,498.57
726.808,477.29
726.998,510.18
727.188,426.98
727.378,479.22
727.568,411.5
727.758,430.85
727.947,370.87
728.137,413.44
728.327,370.87
728.517,417.31
728.707,349.58
728.896,463.74
729.086,442.46
729.276,401.83
729.466,390.22
729.655,428.92
729.845,413.44
730.035,359.26
730.224,440.52
730.414,310.88
730.604,457.94
730.793,411.5
730.983,446.33
731.172,336.04
731.362,456
731.551,316.69
731.741,390.22
731.93,349.58
732.12,198.66
732.309,394.09
732.499,386.35
732.688,368.93
732.878,277.99
733.067,330.23
733.257,281.86
733.446,405.7
733.635,310.88
733.825,363.13
734.014,318.62
734.203,345.71
734.393,303.14
734.582,301.21
734.771,409.57
734.96,467.61
735.15,303.14
735.339,355.39
735.528,359.26
735.717,401.83
735.906,376.67
736.095,250.9
736.285,324.43
736.474,357.32
736.663,390.22
736.852,314.75
737.041,392.15
737.23,510.18
737.419,413.44
737.608,349.58
737.797,295.4
737.986,295.4
738.175,316.69
738.364,349.58
738.553,328.3
738.742,374.74
738.931,316.69
739.12,378.61
739.308,243.16
739.497,423.11
739.686,376.67
739.875,336.04
740.064,247.03
740.253,307.01
740.441,345.71
740.63,279.92
740.819,361.19
741.008,332.17
741.196,210.27
741.385,310.88
741.574,219.94
741.762,202.53
741.951,336.04
742.14,208.33
742.328,243.16
742.517,245.09
742.705,270.25
742.894,357.32
743.082,212.2
743.271,287.66
743.459,276.05
743.648,192.85
743.836,185.11
744.025,307.01
744.213,316.69
744.402,291.53
744.59,305.08
744.779,312.82
744.967,276.05
745.155,293.47
745.344,260.57
745.532,349.58
745.72,225.74
745.909,291.53
746.097,378.61
746.285,233.48
746.473,223.81
746.662,212.2
746.85,214.14
747.038,355.39
747.226,181.24
747.414,289.6
747.602,241.22
747.791,264.44
747.979,281.86
748.167,252.83
748.355,229.61
748.543,177.37
748.731,243.16
748.919,372.8
749.107,307.01
749.295,264.44
749.483,188.98
749.671,264.44
749.859,266.38
750.047,276.05
750.235,274.12
750.423,268.31
750.611,301.21
750.798,233.48
750.986,210.27
751.174,221.87
751.362,345.71
751.55,250.9
751.737,219.94
751.925,192.85
752.113,252.83
752.301,334.1
752.488,202.53
752.676,225.74
752.864,305.08
753.051,202.53
753.239,285.73
753.427,339.91
753.614,185.11
753.802,334.1
753.99,247.03
754.177,243.16
754.365,231.55
754.552,312.82
754.74,471.48
754.927,192.85
755.115,148.35
755.302,277.99
755.49,163.83
755.677,216.07
755.865,119.32
756.052,154.15
756.239,204.46
756.427,216.07
756.614,188.98
756.801,148.35
756.989,177.37
757.176,221.87
757.363,127.06
757.551,279.92
757.738,289.6
757.925,204.46
758.112,175.44
758.299,163.83
758.487,204.46
758.674,233.48
758.861,187.05
759.048,214.14
759.235,208.33
759.422,283.79
759.609,103.84
759.797,204.46
759.984,179.31
760.171,266.38
760.358,218
760.545,218
760.732,125.13
760.919,192.85
761.106,152.22
761.293,150.28
761.479,161.89
761.666,127.06
761.853,204.46
762.04,159.96
762.227,241.22
762.414,169.63
762.601,245.09
762.788,210.27
762.974,183.18
763.161,235.42
763.348,235.42
763.535,194.79
763.721,181.24
763.908,140.61
764.095,125.13
764.281,283.79
764.468,115.45
764.655,183.18
764.841,99.97
765.028,111.58
765.215,140.61
765.401,107.71
765.588,159.96
765.774,196.72
765.961,159.96
766.147,154.15
766.334,161.89
766.52,256.7
766.707,237.35
766.893,214.14
767.08,146.41
767.266,134.8
767.452,177.37
767.639,101.91
767.825,129
768.012,239.29
768.198,136.74
768.384,158.02
768.57,96.1
768.757,132.87
768.943,169.63
769.129,132.87
769.316,163.83
769.502,136.74
769.688,127.06
769.874,254.77
770.06,200.59
770.246,185.11
770.433,63.21
770.619,163.83
770.805,115.45
770.991,177.37
771.177,119.32
771.363,65.14
771.549,247.03
771.735,173.5
771.921,134.8
772.107,260.57
772.293,117.39
772.479,181.24
772.665,117.39
772.851,109.65
773.037,156.09
773.223,84.49
773.408,129
773.594,169.63
773.78,45.79
773.966,165.76
774.152,138.67
774.338,225.74
774.523,134.8
774.709,142.54
774.895,167.7
775.081,142.54
775.266,161.89
775.452,140.61
775.638,105.78
775.823,82.56
776.009,229.61
776.195,123.19
776.38,130.93
776.566,206.4
776.751,171.57
776.937,82.56
777.122,138.67
777.308,181.24
777.493,210.27
777.679,127.06
777.864,113.52
778.05,165.76
778.235,152.22
778.421,72.88
778.606,105.78
778.792,171.57
778.977,132.87
779.162,198.66
779.348,163.83
779.533,32.25
779.718,134.8
779.904,76.75
780.089,55.47
780.274,53.53
780.459,107.71
780.645,82.56
780.83,119.32
781.015,76.75
781.2,45.79
781.385,146.41
781.57,171.57
781.756,55.47
781.941,41.92
782.126,53.53
782.311,158.02
782.496,80.62
782.681,57.4
782.866,125.13
783.051,84.49
783.236,98.04
783.421,67.08
783.606,113.52
783.791,188.98
783.976,119.32
784.161,105.78
784.346,132.87
784.53,74.82
784.715,132.87
784.9,55.47
785.085,74.82
785.27,76.75
785.455,16.77
785.639,196.72
785.824,127.06
786.009,179.31
786.194,165.76
786.378,99.97
786.563,105.78
786.748,86.43
786.932,69.01
787.117,125.13
787.302,96.1
787.486,101.91
787.671,69.01
787.855,34.18
788.04,243.16
788.224,113.52
788.409,69.01
788.594,80.62
788.778,163.83
788.963,113.52
789.147,98.04
789.331,10.96
789.516,159.96
789.7,134.8
789.885,187.05
790.069,67.08
790.253,206.4
790.438,194.79
790.622,70.95
790.806,76.75
790.991,105.78
791.175,132.87
791.359,76.75
791.543,26.44
791.728,173.5
791.912,90.3
792.096,69.01
792.28,69.01
792.464,132.87
792.649,43.86
792.833,55.47
793.017,130.93
793.201,103.84
793.385,130.93
793.569,82.56
793.753,96.1
793.937,177.37
794.121,51.6
794.305,41.92
794.489,90.3
794.673,55.47
794.857,123.19
795.041,171.57
795.225,36.12
795.409,74.82
795.593,103.84
795.777,123.19
795.96,123.19
796.144,55.47
796.328,140.61
796.512,187.05
796.696,84.49
796.879,173.5
797.063,165.76
797.247,96.1
797.431,142.54
797.614,22.57
797.798,105.78
797.982,129
798.165,152.22
798.349,90.3
798.533,138.67
798.716,187.05
798.9,101.91
799.083,101.91
799.267,86.43
799.45,130.93
799.634,84.49
799.817,99.97
800.001,-8.38
800.184,61.27
800.368,34.18
800.551,88.36
800.735,227.68
800.918,84.49
801.101,69.01
801.285,117.39
801.468,152.22
801.651,70.95
801.835,134.8
802.018,134.8
802.201,99.97
802.385,129
802.568,154.15
802.751,70.95
802.934,47.73
803.118,119.32
803.301,51.6
803.484,165.76
803.667,57.4
803.85,119.32
804.033,98.04
804.216,74.82
804.399,63.21
804.583,101.91
804.766,148.35
804.949,86.43
805.132,16.77
805.315,38.05
805.498,-8.38
805.681,96.1
805.864,22.57
806.046,158.02
806.229,18.7
806.412,80.62
806.595,-21.93
806.778,96.1
806.961,109.65
807.144,16.77
807.327,94.17
807.509,61.27
807.692,105.78
807.875,127.06
808.058,72.88
808.24,150.28
808.423,138.67
808.606,101.91
808.789,1.29
808.971,59.34
809.154,20.64
809.336,142.54
809.519,96.1
809.702,38.05
809.884,183.18
810.067,24.51
810.249,51.6
810.432,47.73
810.614,76.75
810.797,-25.8
810.979,76.75
811.162,98.04
811.344,38.05
811.527,26.44
811.709,16.77
811.892,-23.86
812.074,55.47
812.256,80.62
812.439,63.21
812.621,69.01
812.803,30.31
812.986,161.89
813.168,55.47
813.35,22.57
813.532,10.96
813.715,61.27
813.897,188.98
814.079,107.71
814.261,45.79
814.443,9.03
814.626,41.92
814.808,43.86
814.99,80.62
815.172,123.19
815.354,30.31
815.536,-14.19
815.718,70.95
815.9,144.48
816.082,45.79
816.264,76.75
816.446,26.44
816.628,72.88
816.81,55.47
816.992,88.36
817.174,80.62
817.356,98.04
817.538,117.39
817.72,158.02
817.901,32.25
818.083,47.73
818.265,12.9
818.447,53.53
818.629,140.61
818.81,-16.12
818.992,14.83
819.174,86.43
819.356,45.79
819.537,69.01
819.719,88.36
819.901,169.63
820.082,72.88
820.264,96.1
820.446,57.4
820.627,156.09
820.809,65.14
820.99,36.12
821.172,74.82
821.353,78.69
821.535,38.05
821.716,20.64
821.898,78.69
822.079,67.08
822.261,57.4
822.442,72.88
822.624,51.6
822.805,84.49
822.987,136.74
823.168,5.16
823.349,67.08
823.531,98.04
823.712,30.31
823.893,74.82
824.074,32.25
824.256,136.74
824.437,109.65
824.618,30.31
824.799,28.38
824.981,96.1
825.162,109.65
825.343,99.97
825.524,22.57
825.705,28.38
825.886,-10.32
826.067,69.01
826.249,3.22
826.43,107.71
826.611,59.34
826.792,78.69
826.973,3.22
827.154,82.56
827.335,61.27
827.516,43.86
827.697,61.27
827.878,59.34
828.058,1.29
828.239,53.53
828.42,109.65
828.601,10.96
828.782,36.12
828.963,123.19
829.144,3.22
829.324,61.27
829.505,156.09
829.686,63.21
829.867,69.01
830.047,20.64
830.228,49.66
830.409,-23.86
830.59,7.09
830.77,107.71
830.951,117.39
831.131,121.26
831.312,88.36
831.493,103.84
831.673,-8.38
831.854,53.53
832.034,101.91
832.215,59.34
832.395,47.73
832.576,53.53
832.756,22.57
832.937,49.66
833.117,98.04
833.298,-78.04
833.478,34.18
833.659,69.01
833.839,51.6
834.019,94.17
834.2,53.53
834.38,28.38
834.56,-8.38
834.741,-68.37
834.921,49.66
835.101,-0.64
835.281,-21.93
835.462,38.05
835.642,99.97
835.822,-52.89
836.002,-16.12
836.182,7.09
836.362,3.22
836.543,88.36
836.723,30.31
836.903,14.83
837.083,-0.64
837.263,20.64
837.443,67.08
837.623,-23.86
837.803,38.05
837.983,69.01
838.163,82.56
838.343,67.08
838.523,-19.99
838.703,158.02
838.883,-27.73
839.063,36.12
839.243,-2.58
839.422,-21.93
839.602,59.34
839.782,82.56
839.962,-10.32
840.142,5.16
840.321,-8.38
840.501,70.95
840.681,82.56
840.861,86.43
841.04,86.43
841.22,99.97
841.4,99.97
841.579,-10.32
841.759,14.83
841.939,61.27
842.118,-0.64
842.298,30.31
842.477,86.43
842.657,41.92
842.837,3.22
843.016,26.44
843.196,57.4
843.375,161.89
843.555,12.9
843.734,74.82
843.913,47.73
844.093,74.82
844.272,38.05
844.452,109.65
844.631,20.64
844.81,65.14
844.99,28.38
845.169,14.83
845.348,34.18
845.528,47.73
845.707,20.64
845.886,43.86
846.065,14.83
846.245,74.82
846.424,26.44
846.603,32.25
846.782,94.17
846.961,22.57
847.14,51.6
847.32,55.47
847.499,103.84
847.678,18.7
847.857,57.4
848.036,12.9
848.215,92.23
848.394,74.82
848.573,36.12
848.752,-14.19
848.931,101.91
849.11,-0.64
849.289,36.12
849.468,1.29
849.647,-23.86
849.826,26.44
850.004,10.96
850.183,20.64
850.362,34.18
850.541,88.36
850.72,39.99
850.899,-6.45
851.077,63.21
851.256,12.9
851.435,94.17
851.613,41.92
851.792,22.57
851.971,-4.51
852.15,63.21
852.328,65.14
852.507,43.86
852.685,57.4
852.864,-6.45
853.043,92.23
853.221,39.99
853.4,90.3
853.578,74.82
853.757,10.96
853.935,30.31
854.114,76.75
854.292,28.38
854.471,-10.32
854.649,-52.89
854.828,69.01
855.006,22.57
855.184,39.99
855.363,-56.76
855.541,-0.64
855.719,30.31
855.898,92.23
856.076,-23.86
856.254,78.69
856.433,49.66
856.611,-31.6
856.789,61.27
856.967,84.49
857.145,30.31
857.324,109.65
857.502,45.79
857.68,53.53
857.858,-62.56
858.036,69.01
858.214,26.44
858.392,-31.6
858.57,57.4
858.748,-39.34
858.926,14.83
859.104,5.16
859.282,7.09
859.46,-2.58
859.638,18.7
859.816,-8.38
859.994,-2.58
860.172,65.14
860.35,-29.67
860.528,-18.06
860.706,26.44
860.884,70.95
861.061,-33.54
861.239,72.88
861.417,90.3
861.595,136.74
861.773,-27.73
861.95,-2.58
862.128,-29.67
862.306,-10.32
862.484,-45.15
862.661,-60.63
862.839,82.56
863.016,96.1
863.194,5.16
863.372,-23.86
863.549,-4.51
863.727,-25.8
863.904,-33.54
864.082,28.38
864.259,65.14
864.437,-33.54
864.614,43.86
864.792,105.78
864.969,5.16
865.147,198.66
865.324,70.95
865.502,12.9
865.679,43.86
865.856,51.6
866.034,39.99
866.211,41.92
866.388,-68.37
866.566,36.12
866.743,67.08
866.92,69.01
867.098,9.03
867.275,45.79
867.452,-2.58
867.629,90.3
867.806,76.75
867.984,49.66
868.161,65.14
868.338,-72.24
868.515,-2.58
868.692,-50.95
868.869,28.38
869.046,-2.58
869.223,16.77
869.4,-2.58
869.577,5.16
869.754,9.03
869.931,32.25
870.108,49.66
870.285,78.69
870.462,70.95
870.639,57.4
870.816,-43.21
870.993,1.29
871.17,61.27
871.347,22.57
871.523,70.95
871.7,12.9
871.877,49.66
872.054,-58.69
872.231,84.49
872.407,41.92
872.584,-2.58
872.761,-25.8
872.937,36.12
873.114,69.01
873.291,43.86
873.467,-18.06
873.644,36.12
873.821,-21.93
873.997,65.14
874.174,43.86
874.35,20.64
874.527,-49.02
874.704,-23.86
874.88,90.3
875.057,39.99
875.233,47.73
875.409,-2.58
875.586,-70.3
875.762,32.25
875.939,-31.6
876.115,-23.86
876.292,-2.58
876.468,111.58
876.644,-0.64
876.821,-43.21
876.997,30.31
877.173,51.6
877.349,-18.06
877.526,69.01
877.702,86.43
877.878,-4.51
878.054,-25.8
878.231,55.47
878.407,3.22
878.583,-31.6
878.759,-41.28
878.935,39.99
879.111,80.62
879.287,-10.32
879.463,41.92
879.639,-10.32
879.815,-0.64
879.991,-18.06
880.168,39.99
880.343,24.51
880.519,-79.98
880.695,34.18
880.871,-60.63
881.047,61.27
881.223,57.4
881.399,-33.54
881.575,-37.41
881.751,18.7
881.927,22.57
882.102,51.6
882.278,51.6
882.454,-8.38
882.63,-68.37
882.806,14.83
882.981,9.03
883.157,51.6
883.333,-54.82
883.508,-19.99
883.684,-39.34
883.86,41.92
884.035,39.99
884.211,-4.51
884.387,28.38
884.562,69.01
884.738,43.86
884.913,-16.12
885.089,12.9
885.264,63.21
885.44,-4.51
885.615,74.82
885.791,-0.64
885.966,55.47
886.142,10.96
886.317,-56.76
886.492,24.51
886.668,7.09
886.843,-4.51
887.018,32.25
887.194,-33.54
887.369,30.31
887.544,-39.34
887.72,101.91
887.895,-0.64
888.07,78.69
888.245,26.44
888.421,10.96
888.596,3.22
888.771,7.09
888.946,22.57
889.121,109.65
889.296,-6.45
889.471,-33.54
889.647,10.96
889.822,-70.3
889.997,10.96
890.172,-54.82
890.347,-18.06
890.522,1.29
890.697,-66.43
890.872,36.12
891.047,-39.34
891.222,63.21
891.397,57.4
891.571,32.25
891.746,5.16
891.921,65.14
892.096,45.79
892.271,47.73
892.446,14.83
892.62,-83.85
892.795,-14.19
892.97,61.27
893.145,10.96
893.32,30.31
893.494,-8.38
893.669,57.4
893.844,26.44
894.018,-52.89
894.193,-8.38
894.368,45.79
894.542,86.43
894.717,20.64
894.891,-12.25
895.066,22.57
895.24,-136.09
895.415,-12.25
895.59,-60.63
895.764,-41.28
895.938,127.06
896.113,1.29
896.287,9.03
896.462,65.14
896.636,5.16
896.811,51.6
896.985,22.57
897.159,-43.21
897.334,5.16
897.508,67.08
897.682,47.73
897.857,3.22
898.031,9.03
898.205,-14.19
898.379,-25.8
898.554,-0.64
898.728,-21.93
898.902,26.44
899.076,3.22
899.25,5.16
899.425,10.96
899.599,57.4
899.773,-41.28
899.947,-2.58
900.121,-52.89
900.295,59.34
900.469,24.51
900.643,39.99
900.817,-45.15
900.991,134.8
901.165,121.26
901.339,-39.34
901.513,14.83
901.687,3.22
901.861,-45.15
902.035,43.86
902.208,-19.99
902.382,26.44
902.556,113.52
902.73,-50.95
902.904,-6.45
903.078,24.51
903.251,-49.02
903.425,-18.06
903.599,113.52
903.772,34.18
903.946,30.31
904.12,12.9
904.294,70.95
904.467,12.9
904.641,-21.93
904.814,-31.6
904.988,-29.67
905.162,-4.51
905.335,70.95
905.509,26.44
905.682,3.22
905.856,-8.38
906.029,-72.24
906.203,-23.86
906.376,90.3
906.55,-2.58
906.723,-93.52
906.896,1.29
907.07,3.22
907.243,78.69
907.417,-21.93
907.59,26.44
907.763,-31.6
907.937,-72.24
908.11,22.57
908.283,30.31
908.456,16.77
908.63,-27.73
908.803,16.77
908.976,99.97
909.149,-12.25
909.322,22.57
909.496,-10.32
909.669,41.92
909.842,3.22
910.015,-21.93
910.188,14.83
910.361,90.3
910.534,36.12
910.707,-6.45
910.88,18.7
911.053,34.18
911.226,-110.94
911.399,98.04
911.572,41.92
911.745,39.99
911.918,39.99
912.091,82.56
912.264,94.17
912.437,-29.67
912.609,41.92
912.782,-50.95
912.955,90.3
913.128,80.62
913.301,123.19
913.473,51.6
913.646,32.25
913.819,70.95
913.992,32.25
914.164,18.7
914.337,24.51
914.51,127.06
914.682,-4.51
914.855,-50.95
915.027,-14.19
915.2,-43.21
915.373,20.64
915.545,39.99
915.718,-37.41
915.89,119.32
916.063,59.34
916.235,-49.02
916.408,49.66
916.58,22.57
916.753,109.65
916.925,-72.24
917.097,47.73
917.27,-87.72
917.442,-16.12
917.614,-19.99
917.787,-6.45
917.959,-85.78
918.131,5.16
918.304,45.79
918.476,12.9
918.648,14.83
918.82,-16.12
918.993,59.34
919.165,41.92
919.337,28.38
919.509,-23.86
919.681,-12.25
919.854,47.73
920.026,32.25
920.198,12.9
920.37,-23.86
920.542,-45.15
920.714,26.44
920.886,57.4
921.058,16.77
921.23,-8.38
921.402,-54.82
921.574,-21.93
921.746,-64.5
921.918,-43.21
922.09,18.7
922.262,-23.86
922.433,-70.3
922.605,67.08
922.777,-41.28
922.949,-45.15
923.121,14.83
923.293,14.83
923.464,-10.32
923.636,63.21
923.808,96.1
923.98,18.7
924.151,3.22
924.323,20.64
924.495,-58.69
924.666,94.17
924.838,20.64
925.009,24.51
925.181,24.51
925.353,12.9
925.524,-16.12
925.696,24.51
925.867,14.83
926.039,-70.3
926.21,117.39
926.382,26.44
926.553,-70.3
926.725,18.7
926.896,22.57
927.068,-16.12
927.239,-21.93
927.41,-27.73
927.582,78.69
927.753,-35.47
927.924,22.57
928.096,3.22
928.267,82.56
928.438,84.49
928.61,-33.54
928.781,-85.78
928.952,67.08
929.123,12.9
929.294,-4.51
929.466,12.9
929.637,14.83
929.808,43.86
929.979,-56.76
930.15,32.25
930.321,-18.06
930.492,-78.04
930.663,39.99
930.834,90.3
931.005,38.05
931.176,-52.89
931.347,-35.47
931.518,-0.64
931.689,-6.45
931.86,-62.56
932.031,-66.43
932.202,12.9
932.373,-19.99
932.544,-0.64
932.715,-0.64
932.885,82.56
933.056,1.29
933.227,-79.98
933.398,-39.34
933.569,-12.25
933.739,-72.24
933.91,-4.51
934.081,28.38
934.251,-16.12
934.422,-33.54
934.593,-72.24
934.763,59.34
934.934,-10.32
935.105,18.7
935.275,43.86
935.446,5.16
935.616,9.03
935.787,117.39
935.957,-21.93
936.128,-21.93
936.298,16.77
936.469,30.31
936.639,-58.69
936.81,10.96
936.98,-47.08
937.151,-31.6
937.321,-16.12
937.491,51.6
937.662,-60.63
937.832,-35.47
938.002,-78.04
938.173,-19.99
938.343,20.64
938.513,-47.08
938.684,12.9
938.854,-50.95
939.024,-49.02
939.194,36.12
939.364,-47.08
939.535,-83.85
939.705,-14.19
939.875,-56.76
940.045,-49.02
940.215,-66.43
940.385,-23.86
940.555,-31.6
940.725,12.9
940.895,1.29
941.065,39.99
941.235,45.79
941.405,-35.47
941.575,16.77
941.745,22.57
941.915,7.09
942.085,-182.53
942.255,74.82
942.425,-35.47
942.595,-35.47
942.764,30.31
942.934,90.3
943.104,63.21
943.274,55.47
943.444,-91.59
943.613,69.01
943.783,-45.15
943.953,14.83
944.122,-31.6
944.292,-0.64
944.462,-105.13
944.631,80.62
944.801,10.96
944.971,-0.64
945.14,-31.6
945.31,12.9
945.479,-33.54
945.649,55.47
945.819,-101.26
945.988,-31.6
946.158,-68.37
946.327,5.16
946.496,7.09
946.666,-19.99
946.835,38.05
947.005,-50.95
947.174,32.25
947.344,-12.25
947.513,74.82
947.682,26.44
947.852,-18.06
948.021,-35.47
948.19,32.25
948.359,24.51
948.529,-76.11
948.698,-52.89
948.867,-29.67
949.036,-4.51
949.206,14.83
949.375,26.44
949.544,-31.6
949.713,-39.34
949.882,-10.32
950.051,-70.3
950.22,-110.94
950.389,-8.38
950.558,-78.04
950.727,-52.89
950.896,-23.86
951.065,39.99
951.234,10.96
951.403,53.53
951.572,-27.73
951.741,88.36
951.91,-47.08
952.079,63.21
952.248,-16.12
952.417,-2.58
952.586,-49.02
952.754,22.57
952.923,-19.99
953.092,22.57
953.261,55.47
953.43,113.52
953.598,-19.99
953.767,43.86
953.936,-23.86
954.104,45.79
954.273,-87.72
954.442,-6.45
954.61,-79.98
954.779,49.66
954.948,-70.3
955.116,51.6
955.285,-31.6
955.453,5.16
955.622,-41.28
955.79,-31.6
955.959,-29.67
956.127,38.05
956.296,32.25
956.464,5.16
956.633,-19.99
956.801,14.83
956.97,26.44
957.138,3.22
957.306,-60.63
957.475,-91.59
957.643,30.31
957.811,9.03
957.98,28.38
958.148,-4.51
958.316,-70.3
958.484,-97.39
958.653,-19.99
958.821,43.86
958.989,1.29
959.157,30.31
959.325,-56.76
959.493,12.9
959.662,148.35
959.83,22.57
959.998,-4.51
960.166,1.29
960.334,-14.19
960.502,10.96
960.67,34.18
960.838,-33.54
961.006,18.7
961.174,-16.12
961.342,-29.67
961.51,-79.98
961.678,-6.45
961.846,101.91
962.013,26.44
962.181,-27.73
962.349,-25.8
962.517,38.05
962.685,30.31
962.853,-29.67
963.02,-49.02
963.188,-29.67
963.356,65.14
963.524,-0.64
963.691,-112.87
963.859,36.12
964.027,-66.43
964.194,12.9
964.362,-62.56
964.53,16.77
964.697,-72.24
964.865,-37.41
965.032,-60.63
965.2,10.96
965.367,3.22
965.535,-18.06
965.702,49.66
965.87,-0.64
966.037,-14.19
966.205,24.51
966.372,-130.29
966.54,32.25
966.707,-39.34
966.874,26.44
967.042,53.53
967.209,-31.6
967.376,-8.38
967.544,34.18
967.711,70.95
967.878,-58.69
968.046,-54.82
968.213,-39.34
968.38,5.16
968.547,-27.73
968.714,-10.32
968.882,-12.25
969.049,-54.82
969.216,-60.63
969.383,-41.28
969.55,-6.45
969.717,16.77
969.884,61.27
970.051,-19.99
970.218,-56.76
970.385,3.22
970.552,38.05
970.719,-27.73
970.886,-41.28
971.053,24.51
971.22,9.03
971.387,41.92
971.554,78.69
971.721,1.29
971.888,41.92
972.055,-35.47
972.221,-21.93
972.388,14.83
972.555,18.7
972.722,-21.93
972.889,9.03
973.055,-12.25
973.222,18.7
973.389,28.38
973.555,22.57
973.722,-70.3
973.889,9.03
974.055,16.77
974.222,-68.37
974.389,-19.99
974.555,3.22
974.722,34.18
974.888,45.79
975.055,-12.25
975.221,12.9
975.388,28.38
975.554,67.08
975.721,-101.26
975.887,-49.02
976.054,-114.81
976.22,12.9
976.386,-10.32
976.553,26.44
976.719,-41.28
976.886,-47.08
977.052,16.77
977.218,78.69
977.384,-107.07
977.551,-14.19
977.717,-58.69
977.883,26.44
978.049,22.57
978.216,7.09
978.382,-47.08
978.548,-37.41
978.714,-56.76
978.88,3.22
979.046,38.05
979.213,-58.69
979.379,-16.12
979.545,20.64
979.711,55.47
979.877,-31.6
980.043,-56.76
980.209,-85.78
980.375,-64.5
980.541,45.79
980.707,-47.08
980.873,47.73
981.039,-43.21
981.204,-41.28
981.37,-0.64
981.536,-0.64
981.702,-105.13
981.868,1.29
982.034,9.03
982.199,3.22
982.365,7.09
982.531,-6.45
982.697,-58.69
982.862,-89.65
983.028,-6.45
983.194,22.57
983.359,7.09
983.525,5.16
983.691,-87.72
983.856,-19.99
984.022,45.79
984.188,38.05
984.353,12.9
984.519,-60.63
984.684,32.25
984.85,-23.86
985.015,-58.69
985.181,1.29
985.346,-35.47
985.512,41.92
985.677,-35.47
985.842,5.16
986.008,-4.51
986.173,20.64
986.339,67.08
986.504,24.51
986.669,-33.54
986.835,-6.45
987,-6.45
987.165,39.99
987.33,-93.52
987.496,-37.41
987.661,-31.6
987.826,7.09
987.991,-143.83
988.156,3.22
988.321,-35.47
988.487,-62.56
988.652,30.31
988.817,74.82
988.982,-68.37
989.147,-41.28
989.312,-16.12
989.477,18.7
989.642,-18.06
989.807,34.18
989.972,-41.28
990.137,53.53
990.302,-87.72
990.467,70.95
990.632,-64.5
990.797,-21.93
990.962,-12.25
991.126,-41.28
991.291,-19.99
991.456,-18.06
991.621,7.09
991.786,101.91
991.95,-52.89
992.115,-91.59
992.28,-52.89
992.445,41.92
992.609,-12.25
992.774,53.53
992.939,-23.86
993.103,38.05
993.268,5.16
993.433,47.73
993.597,-19.99
993.762,-54.82
993.926,3.22
994.091,32.25
994.255,69.01
994.42,-29.67
994.584,-8.38
994.749,20.64
994.913,7.09
995.078,-66.43
995.242,-85.78
995.407,-23.86
995.571,-52.89
995.735,34.18
995.9,-72.24
996.064,-31.6
996.228,-93.52
996.393,10.96
996.557,-52.89
996.721,-76.11
996.885,-8.38
997.05,26.44
997.214,-52.89
997.378,-0.64
997.542,-16.12
997.706,7.09
997.871,-41.28
998.035,-0.64
998.199,10.96
998.363,-31.6
998.527,-12.25
998.691,-76.11
998.855,-54.82
999.019,20.64
999.183,-101.26
999.347,24.51
999.511,-39.34
999.675,-66.43
999.839,47.73
1000.003,3.22
1000.167,-12.25
1000.331,-27.73
1000.494,-21.93
1000.658,30.31
1000.822,12.9
1000.986,-141.9
1001.15,-45.15
1001.314,-58.69
1001.477,84.49
1001.641,-2.58
1001.805,9.03
1001.968,69.01
1002.132,16.77
1002.296,115.45
1002.459,-2.58
1002.623,-58.69
1002.787,-81.91
1002.95,-27.73
1003.114,-85.78
1003.277,16.77
1003.441,-33.54
1003.605,-14.19
1003.768,-2.58
1003.932,-16.12
1004.095,30.31
1004.259,101.91
1004.422,-19.99
1004.585,94.17
1004.749,-19.99
1004.912,10.96
1005.076,-132.22
1005.239,-37.41
1005.402,30.31
1005.566,-41.28
1005.729,39.99
1005.892,-12.25
1006.056,-101.26
1006.219,14.83
1006.382,-45.15
1006.545,41.92
1006.708,70.95
1006.872,-54.82
1007.035,-27.73
1007.198,18.7
1007.361,-6.45
1007.524,-93.52
1007.687,-58.69
1007.85,-14.19
1008.013,-130.29
1008.177,-19.99
1008.34,-8.38
1008.503,43.86
1008.666,88.36
1008.829,-62.56
1008.991,47.73
1009.154,-54.82
1009.317,-64.5
1009.48,-45.15
1009.643,-85.78
1009.806,10.96
1009.969,-70.3
1010.132,-45.15
1010.295,-4.51
1010.457,34.18
1010.62,-56.76
1010.783,-8.38
1010.946,-12.25
1011.108,16.77
1011.271,-56.76
1011.434,-25.8
1011.597,80.62
1011.759,-25.8
1011.922,-89.65
1012.084,-60.63
1012.247,-10.32
1012.41,43.86
1012.572,-45.15
1012.735,-68.37
1012.897,-23.86
1013.06,-33.54
1013.222,-56.76
1013.385,26.44
1013.547,10.96
1013.71,-43.21
1013.872,-64.5
1014.035,63.21
1014.197,39.99
1014.359,-107.07
1014.522,98.04
1014.684,-21.93
1014.847,-54.82
1015.009,41.92
1015.171,-124.48
1015.333,-41.28
1015.496,-27.73
1015.658,-8.38
1015.82,-49.02
1015.982,-89.65
1016.145,-18.06
1016.307,-76.11
1016.469,-8.38
1016.631,-29.67
1016.793,-6.45
1016.955,-68.37
1017.117,-97.39
1017.279,-50.95
1017.441,-35.47
1017.604,-31.6
1017.766,-54.82
1017.928,-21.93
1018.09,-29.67
1018.251,-49.02
1018.413,18.7
1018.575,26.44
1018.737,-35.47
1018.899,-54.82
1019.061,-33.54
1019.223,5.16
1019.385,-95.46
1019.547,-49.02
1019.708,-54.82
1019.87,-52.89
1020.032,55.47
1020.194,16.77
1020.355,20.64
1020.517,-19.99
1020.679,-0.64
1020.841,-0.64
1021.002,-23.86
1021.164,32.25
1021.326,-99.33
1021.487,-0.64
1021.649,57.4
1021.81,-109
1021.972,-31.6
1022.133,45.79
1022.295,-89.65
1022.457,9.03
1022.618,-89.65
1022.78,-27.73
1022.941,-8.38
1023.102,-2.58
1023.264,-54.82
1023.425,-14.19
1023.587,-68.37
1023.748,-27.73
1023.909,-6.45
1024.071,-8.38
1024.232,-58.69
1024.393,-85.78
1024.555,94.17
1024.716,-89.65
1024.877,-50.95
1025.038,-33.54
1025.2,-47.08
1025.361,26.44
1025.522,-64.5
1025.683,-45.15
1025.844,-29.67
1026.005,49.66
1026.167,-21.93
1026.328,-103.2
1026.489,34.18
1026.65,10.96
1026.811,-21.93
1026.972,10.96
1027.133,-76.11
1027.294,1.29
1027.455,-72.24
1027.616,-19.99
1027.777,20.64
1027.938,-58.69
1028.099,-50.95
1028.259,36.12
1028.42,1.29
1028.581,-6.45
1028.742,16.77
1028.903,-41.28
1029.064,-18.06
1029.224,41.92
1029.385,-109
1029.546,-35.47
1029.707,-72.24
1029.867,78.69
1030.028,20.64
1030.189,45.79
1030.349,-21.93
1030.51,12.9
1030.671,-8.38
1030.831,-41.28
1030.992,-12.25
1031.152,-16.12
1031.313,-83.85
1031.473,-50.95
1031.634,-25.8
1031.794,-41.28
1031.955,61.27
1032.115,-62.56
1032.276,1.29
1032.436,-52.89
1032.597,-14.19
1032.757,-0.64
1032.917,-54.82
1033.078,-97.39
1033.238,-50.95
1033.399,10.96
1033.559,-12.25
1033.719,-23.86
1033.879,-64.5
1034.04,-141.9
1034.2,-10.32
1034.36,-52.89
1034.52,-74.17
1034.68,5.16
1034.841,32.25
1035.001,-33.54
1035.161,-47.08
1035.321,-37.41
1035.481,-138.03
1035.641,-85.78
1035.801,-68.37
1035.961,-50.95
1036.121,-112.87
1036.281,3.22
1036.441,-105.13
1036.601,-47.08
1036.761,1.29
1036.921,32.25
1037.081,-18.06
1037.241,-122.55
1037.401,-27.73
1037.561,26.44
1037.721,7.09
1037.881,55.47
1038.04,-4.51
1038.2,5.16
1038.36,5.16
